IDS,Site #,Vendor Name,Vendor Link,Site Name,Location,City,State,Zip,Latitude,Longitude
BGCORP,0,BOWLING GREEN MUNICIPAL UTILITIES,https://outages.bgmu.com/,CORPORATE,650 Three Springs rd,BOWLING GREEN,Kentucky,42101,36.93251,-86.42179
BKY,1,WARREN RURAL ELECTRIC COOP COR,https://warrenec.outagemap.coop/,Bowling Green,725 BLUEGRASS FARMS BLVD,BOWLING GREEN,KY,42104-7932,36.923775,-86.42304
KS7,3,KISSIMMEE UTILITY AUTHORITY,https://kissimmee.datacapable.com/map/,Kissimmee,5175 WEST IRLO BRONSON MEMORIAL HIGHWAY,KISSIMMEE,FL,34746-5307,28.334164,-81.49048
AMRV7,4,SOUTHERN CALIFORNIA EDISON,https://www.sce.com/outages-safety/outage-center/check-outage-status,Valencia,24901 PICO CANYON ROAD,NEWHALL,CA,91381-1706,34.381298,-118.569626
LMCA,5,SOUTHERN CALIFORNIA EDISON,https://www.sce.com/outages-safety/outage-center/check-outage-status,La Mirada,14900 FIRESTONE BOULEVARD,LA MIRADA,CA,90638-6018,33.875317,-118.014061
VAC,6,PG&E,https://www.pge.com/outagestatus,Vacaville,5065 QUINN ROAD,VACAVILLE,CA,95688-9411,38.39,-121.95
DEN,7,CITY OF DENTON,https://www.cityofdenton.com/472/Ready-Denton---Power-Outage,Denton,5209 N INTERSTATE 35,DENTON,TX,76207-1425,33.27,-97.13
FTM,8,FPL,https://www.fplmaps.com/,Ft. Myers,4681 WAYCROSS ROAD,FORT MYERS,FL,33905-5517,26.75,-81.75
SLV7,9,SOUTHERN CALIFORNIA EDISON,https://www.sce.com/outages-safety/outage-center/check-outage-status,Bakersfield,5500 WIBLE ROAD,BAKERSFIELD,CA,93313-3106,35.3,-119.04
NAS,12,Nashville Electric Service,https://map.datacapable.com/i/nes/,Nashville,2618 MUSIC VALLEY DR,NASHVILLE,TN,37214-1208,36.234555,-86.7053059
,14,SOUTHERN CALIFORNIA EDISON,https://www.sce.com/outages-safety/outage-center/check-outage-status,SAN BERNARDINO,151 E Redlands Blvd,SAN BERNARDINO,CALIFORNIA,92408,34.069,-117.282
TPA,16,TECO,https://www.tampaelectric.com/poweroutages/,Dover,4811 MCINTOSH ROAD,DOVER,FL,33527-3706,28.024548,-82.24299
,17,PGE,https://portlandgeneral.com/outages,Wilsonville,26875 SW BOONES FERRY RD,WILSONVILLE,OR,97070-9208,45.299,-122.773
FWA,18,TACOMA PUBLIC UTILITIES,https://www.mytpu.org/outages-safety/,Fife,4650 16TH STREET EAST,FIFE,WA,98424-2626,47.239,-122.366
,20,PG&E,https://www.pge.com/outagestatus,WCDC 20,"5205 Wheeler Ridge Road, Suite A",ARVIN,CALIFORNIA,93203,34.987,-118.942
KC57,24,XCEL ENERGY,https://co.my.xcelenergy.com/s/outage-safety/outage-map,Golden,16000 W. COLFAX AVENUE,GOLDEN,CO,80401-3853,39.72745,-105.178871
BRI,29,ATLANTIC CITY ELECTRIC,https://www.atlanticcityelectric.com/outages/experiencing-an-outage/view-outage-map,Bridgeport,602 HERON DR,SWEDESBORO,NJ,08085-1742,39.801,-75.348
ABRV7,30,ROCKY MOUNTAIN POWER,https://www.rockymountainpower.net/outages-safety.html,Draper,13153 S MINUTEMAN DR,DRAPER,UT,84020,40.522,-111.876
TUC,31,TEP - TUCSON ELECTRIC POWER,https://www.tep.com/outages/,Tucson,4700 SOUTH PALO VERDE ROAD,TUCSON,AZ,85714-1947,32.166,-110.917
RVA,32,NOVEC,https://www.novec.com/Stormcenter/index.cfm,Manassas,10850 BALLS FORD RD,MANASSAS,VA,20109-2499,38.79,-77.52
SW7,33,NEW BRAUNFELS UTILITIES,https://oms.nbutexas.com/,New Braunfels,3891 SOUTH IH 35,NEW BRAUNFELS,TX,78130-7199,29.736073,-98.072174
STA7,36,CITY OF STATESVILLE,https://www.statesvillenc.net/public-power,Statesville,1220 MORLAND DR,STATESVILLE,NC,28677-6949,35.782,-80.93
OKC,37,OG&E,https://outagemap.oge.com/,Oklahoma City,13111 NORTH BROADWAY EXTENSION,OKLAHOMA CITY,OK,73114-2246,35.603,-97.504
BUF7,38,NEW YORK STATE ELEC & GAS CORP,https://portal.nyseg.com/outages/map,Buffalo,5533 CAMP RD,HAMBURG,NY,14075-3701,42.715,-78.829
ARV7,39,PNM ELECTRIC & GAS SERVICES,https://outagemap.pnm.com/,Albuquerque,14303 CENTRAL AVE NW,ALBUQUERQUE,NM,87121-7704,35.084,-106.799
LC7,40,El Paso Electric,https://www.epelectric.com/outage-center,Anthony,8805 NORTH DESERT BLVD,ANTHONY,TX,79821-7171,31.9797459,-106.580872
KC27,41,Fountain Utilities,https://www.fountaincolorado.org/government/city_departments___divisions/utilities,Colorado Springs,6830 BANDLEY DR,FOUNTAIN,CO,80817-2613,38.7325058,-104.738411
GR7,42,DUKE ENERGY,https://outagemap.duke-energy.com/,Spartanburg,114 BEST DRIVE,SPARTANBURG,SC,29303-4641,34.981,-81.964
TAL7,45,TALQUIN,https://www.talquinelectric.com/safety-reliability/outage-center/,Tallahassee,31300 BLUE STAR HWY US 90,MIDWAY,FL,32343-2426,30.546,-84.454
CH7,47,EPB,https://epb.com/outage-storm-center/,Chattanooga,6728 RINGGOLD ROAD,CHATTANOOGA,TN,37412-4230,34.995,-85.216
DOT7,48,Dothan Utilities,https://www.dothan.org/474/Outages,Dothan,2961 ROSS CLARK CIR STE 2,DOTHAN,AL,36301-1109,31.21972,-85.43348
EUG,49,PACIFIC POWER,https://www.pacificpower.net/outages-safety.html,Eugene,90855 ROBERTS RD,COBURG,OR,97408-9459,44.157,-123.073
,53,PUGET SOUND ENERGY,https://www.pse.com/en/outage/outage-map,BURLINGTON,1240 OLD HIGHWAY 99 NORTH RD # A,BURLINGTON,WASHINGTON,98233,48.47,-122.338
KAT7,54,CenterPoint Energy,https://tracker.centerpointenergy.com/map/,Katy,27905 KATY FREEWAY,KATY,TX,77494-1077,29.77598,-95.85562
JAC7,56,FPL,https://www.fplmaps.com/,St. Augustine,600 OUTLET MALL BLVD.,ST. AUGUSTINE,FL,32084-2545,29.839,-81.357
RD7,58,CITY OF ROBERTSDALE,http://www.robertsdale.org/utilities-information,Robertsdale,21282 STATE HIGHWAY 59 S,ROBERTSDALE,AL,36567-3732,30.542,-87.709
GRV7,62,UNITIL,http://unitil.muni.maps.sienatech.com/,Chichester,165 DOVER RD.,CHICHESTER,NH,03258-6520,43.125,-77.74
SAV7,63,Georgia Power,https://outagemap.georgiapower.com/,Savannah,129 CONTINENTAL BLVD,POOLER,GA,31322-9514,32.114,-81.244
SYU7,64,NATIONAL GRID,https://www.nationalgridus.com/MA-Home/Outage-Central/Outage-Map,Syracuse,7030 INTERSTATE ISLAND RD.,SYRACUSE,NY,13209-9712,43.082,-76.238
LAK7,65,Jersey Central Power & Light,https://outages-nj.firstenergycorp.com/,Lakewood,1359 RIVER AVE,LAKEWOOD,NJ,08701-5615,40.094,-74.217
CHNY,66,VILLAGE OF CHURCHVILLE,https://churchvilleny.gov/churchville-village-electric/,Churchville,1000 SANFORD ROAD NORTH,CHURCHVILLE,NY,14428-9489,43.105,-77.885
GB7,68,Florida Power & Light,https://www.fplmaps.com/,Gulf-Breeze,6240 GULF BREEZE PKWY,GULF BREEZE,FL,32563-9015,30.40472,-86.96289
GRW7,69,JOHNSON COUNTY REMC,https://jcremc.outagemap.coop/,Greenwood,303 SHEEK ROAD,GREENWOOD,IN,46143-9713,39.572,-86.072
GRM,72,DTE ENERGY,https://outage.dteenergy.com/map,Grand Rapids,201 76TH ST SW,GRAND RAPIDS,MI,49548-7253,42.896,-85.673
LIT,74,NORTH LITTLE ROCK ELECTRIC,https://outagemap.nlrelectric.com/,Little Rock,9801 DIAMOND DRIVE,NORTH LITTLE ROCK,AR,72117-1961,34.836,-92.178
ORV7,78,Georgia Power,https://outagemap.georgiapower.com/,Oakwood,4696 SMITHSON BLVD,OAKWOOD,GA,30566-3301,34.22084,-83.87466
WDS7,79,COBB EMC,https://outagemap.cobbemc.com/,Woodstock,505 PARKWAY 575,WOODSTOCK,GA,30188-6446,34.09,-84.505
MAC7,84,Georgia Power,https://outagemap.georgiapower.com/,Macon,225 W.E. GREEN JR. PARKWAY,BYRON,GA,31008-4044,32.653,-83.761
POR7,86,Portland General Electric,https://portlandgeneral.com/outages,Portland,24000 NE SANDY BLVD.,WOOD VILLAGE,OR,97060-8601,45.54183,-122.41445
SAC,87,CITY OF ROSEVILLE,https://www.roseville.ca.gov/electric_utility/safety/outages.php,Sacramento,1039 ORLANDO AVE,ROSEVILLE,CA,95661-5230,38.752,-121.271
ANA,88,ALABAMA POWER,https://outagemap.alabamapower.com/,Anniston,2772 US HIGHWAY 78 E STE 2,ANNISTON,AL,36203-4509,33.661,-85.826
CHN7,89,Dominion Energy South Carolina,https://outagemap.dominionenergysc.com/,Charleston,8155 RIVERS AVENUE,NORTH CHARLESTON,SC,29406-9238,32.9553386,-80.0447545
FRE,90,PG&E,https://www.pge.com/outagestatus,Fresno,3672 SOUTH MAPLE AVE.,FRESNO,CA,93725-2417,36.691,-119.781
STR,93,LIBERTY UTILITIES - EMPIRE DISTRICT,https://central.libertyutilities.com/all/residential/emergencies-outages/outages-map.html,Strafford,373 E EVERGREEN RD,STRAFFORD,MO,65757-9886,37.263,-93.117
CLE,94,ALABAMA POWER,https://outagemap.alabamapower.com/,Calera,730 GEORGE ROY PARKWAY,CALERA,AL,35040-7005,33.109,-86.759
MER,95,IDAHO POWER CO,https://tools.idahopower.com/outage,Meridian,1580 W OVERLAND RD,MERIDIAN,ID,83642-6501,43.59,-116.413
COL,96,MID-CAROLINA ELECTRIC COOPERATIVE INC,https://mcecoop.maps.arcgis.com/apps/webappviewer/index.html?id=bcd794b1efa8472ea0de2a08723a88f9,Columbia,3634 FERNANDINA ROAD,COLUMBIA,SC,29210-5221,34.057,-81.148
CBI,121,MidAmerican Energy,https://www.midamericanenergy.com/outagewatch/dsk.html,Council Bluff,2802 SOUTH 21ST STREET,COUNCIL BLUFFS,IA,51501-7726,41.2336273,-95.87593
HL7,125,CONSUMERS ENERGY,https://www.consumersenergy.com/OutageMap,Houghton Lake,2735 WEST HOUGHTON LAKE DRIVE,HOUGHTON LAKE,MI,48629-9045,44.315,-84.764
RED,126,CITY OF REDDING,https://reuoutage.ci.redding.ca.us/POP/pages/outage-map.html?ServiceType=Electric,Redding,3700 AUTO MALL DRIVE,ANDERSON,CA,96007-4929,33.909,-117.437
OCA,127,DUKE ENERGY,https://outagemap.duke-energy.com/,Ocala,14200 S US HIGHWAY 441,SUMMERFIELD,FL,34491-3455,28.978,-82.016
SPO,129,AVISTA,https://outagemap.myavista.com/,Spokane,19651 E CATALDO AVE,LIBERTY LAKE,WA,99016-9678,47.674,-117.141
BNJ,349,Atlantic City Electric,https://www.atlanticcityelectric.com/outages/experiencing-an-outage/view-outage-map,Berlin,127 NEW JERSEY 73,BERLIN,NJ,8009,39.72837049,-74.90635255
CNW,133,Eversource Energy,https://outagemap.eversource.com/external/default.html,Conway,1571 EAST MAIN STREET,CENTER CONWAY,NH,03813-6520,43.9948578,-71.06332
LAC,134,Florida Power & Light,https://www.fplmaps.com/,Lake City,530 SW FLORIDA GATEWAY DR,LAKE CITY,FL,32024-3856,30.17483,-82.687645
FAY,135,Duke Energy Progress,https://outagemap.duke-energy.com/,Fayetteville,5117 US HIGHWAY 301 S,HOPE MILLS,NC,28348-2529,34.94769,-78.92701
RAL,136,DUKE ENERGY,https://outagemap.duke-energy.com/,Raleigh,2300 U.S. HWY. 70 E.,GARNER,NC,27529-9425,35.711,-78.579
ASH,138,DUKE ENERGY,https://outagemap.duke-energy.com/,Ashville,2918 N RUGBY RD,HENDERSONVILLE,NC,28791-9067,35.353,-82.458
LOW,139,Carroll Electric Cooperative,https://outage.carroll-electric.org/,Lowell,317 NORTH 6TH PLACE,LOWELL,AR,72745-8779,36.2590065,-94.14916
HDY,142,DUKE ENERGY,https://outagemap.duke-energy.com/,Holiday,2112 US HIGHWAY 19,HOLIDAY,FL,34691-4347,28.187,-82.739
KIN,144,CENTRAL HUDSON GAS AND ELECTRIC CORPORATION,https://outagemap.cenhud.com/,Kingston,124 ROUTE 28,KINGSTON,NY,12401-1552,41.931,-74.018
HAN,146,Met-Ed,https://outages-pa.firstenergycorp.com/,Hanover,2100 BALTIMORE PIKE,HANOVER,PA,17331-8451,39.75546,-76.9525452
JAX,147,JEA,https://www.jea.com/outage_center/outage_map/,Jacksonville,10101 INTERSTATE CENTER DR,JACKSONVILLE,FL,32218-8508,30.42182,-81.658268
,148,WE ENERGIES,https://www.we-energies.com/outagemapext/,Saukville WI,800 East Green Bay Avenue,SAUKVILLE,WISCONSIN,53080,43.383,-87.94
CMO,155,BOONE ELECTRIC COOPERATIVE,https://nis.booneelectric.com/dmsoutagemap/default.html,Columbia,8877 INTERSTATE 70 DR NE,COLUMBIA,MO,65202-6616,38.996,-92.235
KMO,157,EVERGY,https://outagemap.evergy.com/,Kansas City,3001 NE JEFFERSON RD,GRAIN VALLEY,MO,64029-8277,39.018,-94.172
LUB,158,Lubbock Power & Light,https://electricoutage.ci.lubbock.tx.us/gridvu/,Lubbock,1701 S LOOP 289,LUBBOCK,TX,79423-1611,33.578,-101.862
PAN,159,Florida Power & Light,https://www.fplmaps.com/,Panama City,4100 W 23RD ST,PANAMA CITY,FL,32405-1318,30.1903839,-85.71327
MEM,160,NORTH CENTRAL ELECTRIC COOPERATIVE,https://outages.northcentralelectric.com/outages,Olive Branch,8150 NEW CRAFT RD,OLIVE BRANCH,MS,38654-1037,34.9349,-89.7861
BOS,161,National Grid,https://outagemap.ma.nationalgridus.com/,Berkley,137 MYRICKS ST.,BERKLEY,MA,02779-1707,41.83859,-71.01268
CFI,162,CEDAR FALLS UTILITIES,https://www.cfu.net/utilities/electric-service/live-power-outage-map,Cedar Falls,7805 ACE PLACE,CEDAR FALLS,IA,50613-7424,42.5709,-92.5308
RAP,163,Black Hills Energy,https://www.blackhillsenergy.com/outages,Rapid City,10400 RECREATIONAL DR,SUMMERSET,SD,57718-8654,44.2048,-103.373
ROS,164,TOLEDO EDISON,https://outages-oh.firstenergycorp.com/,Rossford,28000 SPORTSMANS DR,ROSSFORD,OH,43460-7703,41.5345,-83.5657
JMS,166,ENTERGY,https://www.myentergy.com/s/outagemap,Jackson,4601 I-55 SOUTH FRONTAGE ROAD,JACKSON,MS,39212-5530,32.2486,-90.1843
DAV,167,EASTERN IOWA LIGHT & POWER COOPERATIVE,https://easterniowa.outagemap.coop/,Davenport,14040 110TH AVE.,DAVENPORT,IA,52804-9515,41.5661,-90.4707
IDA,169,CITY OF IDAHO FALLS,https://www.ifpower.org/outages/report-a-power-outage,Idaho Falls,1355 TARA ROAD,IDAHO FALLS,ID,83402-4506,43.4798,-112.0658
GKY,171,Kentucky Utilities,https://stormcenter.lge-ku.com/,Georgetown,151 WAHLAND HALL PATH,GEORGETOWN,KY,40324-8986,38.2133827,-84.53566
WMO,177,AMEREN MISSOURI,https://outagemap.ameren.com/external/default.html,Wentzville,2200 E PITMAN AVE,WENTZVILLE,MO,63385-3713,38.8164,-90.8225
RIC,182,RICHMOND POWER & LIGHT,https://ebilling.rp-l.com/maps/OutageWebMap/,Richmond,2250 WILLIAMSBURG PIKE,RICHMOND,IN,47374-1350,39.8285,-84.8506
,183,DUKE ENERGY,https://outagemap.duke-energy.com/,Marion NC,1885 US 70 West Marion,MARION,NORTH CAROLINA,28752,35.6787,-82.0282
CNC,184,CITY OF CONCORD,https://outagemap.concordnc.gov/,Concord,6700 BRUTON SMITH BLVD,CONCORD,NC,28027-0120,35.3521,-80.7112
BOC,187,SWEPCO,https://outagemap.swepco.com/,Bossier City,3625 INDUSTRIAL DRIVE AT I-20,BOSSIER CITY,LA,71112-2503,32.4568,-93.6694
TYL,188,Oncor,https://stormcenter.oncor.com/,Tyler,11271 US HIGHWAY 69 NORTH,TYLER,TX,75706-5834,32.42884,-95.36377
BIL,189,COAST ELECTRIC,https://outages.coastelectric.coop/,Biloxi,12020 SHRINERS BLVD,BILOXI,MS,39532,30.456,-88.8853
MOMN,190,XCEL ENERGY,https://co.my.xcelenergy.com/s/outage-safety/outage-map,Monticello,3801 CHELSEA RD W,MONTICELLO,MN,55362-3332,45.3201,-93.8376
TUL,191,PUBLIC SERVICE COMPANY OF OK,https://outagemap.psoklahoma.com/,Tulsa,9005 E. SKELLY DR.,TULSA,OK,74129-3405,36.1045,-95.8762
POK,192,OG&E,https://outagemap.oge.com/,Poteau,34203 US HIGHWAY 59 S,POTEAU,OK,74953-8734,35.0308,-94.5815
WLWA,388,Cowlitz County PUD,https://www.cowlitzpud.org/outages/,Vancouver,1986 ATLANTIC AVENUE,WOODLAND,WA,98674,45.54197856,-122.4152108
WRC,196,Xcel Energy,https://co.my.xcelenergy.com/s/outage-safety/outage-map,Wheat Ridge,9870 W 48TH AVE,WHEAT RIDGE,CO,80033-2267,39.78308,-105.107933
BGA,197,Jackson EMC,https://outage.jacksonemc.com/,Buford,2289 ROCK QUARRY RD EAST,BUFORD,GA,30519-4291,34.0752678,-83.89904
TVA,199,RAPPAHANNOCK ELECTRIC COOP.,https://outagemap.myrec.coop/,Thornburg,6101 MALLARD RD,THORNBURG,VA,22565,38.3157,-77.5034
MB7,202,SANTEE COOPER,https://stormcenter.santeecooper.com/,Myrtle Beach,2301 DICK POND RD,MYRTLE BEACH,SC,29575-5512,33.7375,-78.9507
DCW7,203,DUKE ENERGY,https://outagemap.duke-energy.com/,Bartow,7400 STATE ROAD 60 E,BARTOW,FL,33830-8483,27.8936,-81.7449
MCG,206,Dominion Energy Virginia,https://outagemap.dominionenergy.com/,Ashland (Richmond),11525 SUNSHADE LANE,ASHLAND,VA,23005-8048,37.72477,-77.45096
APA,208,West Penn Power,https://outages-pa.firstenergycorp.com/?c=External_PANY&o=View_by_Area,Apollo,537 STATE ROUTE 356,APOLLO,PA,15613-8879,40.5788,-79.5803
SAR,211,Entergy Arkansas,https://www.etrviewoutage.com/map?state=AR,Sherwood,6721 WARDEN ROAD,SHERWOOD,AR,72120-5040,34.81942,-92.19989
RIL,212,ROCK ENERGY COOP.,https://rock.outagemap.coop/,Rockford,6135 ALL WORLD WAY,ROSCOE,IL,61073-7738,42.4398,-89.009
SSD,213,XCEL ENERGY,https://co.my.xcelenergy.com/s/outage-safety/outage-map,Sioux Falls,1601 E ROBUR DRIVE,SIOUX FALLS,SD,57104-0500,43.5299,-96.7065
NVA,215,Dominion Energy Virginia,https://outagemap.dominionenergy.com/,New Port News,11963 JEFFERSON AVENUE,NEWPORT NEWS,VA,23606-4322,37.09345,-76.48777
PIN,394,Duke Energy Indiana,https://outagemap.duke-energy.com/,Petersburg,323 EAST ILLINOIS STREET,PETERSBURG,IN,47567,38.48463263,-87.28736606
CRV7,219,COMED,https://www.comed.com/outages/experiencing-an-outage/outage-map,Island Lake,27794 N DARRELL RD,WAUCONDA,IL,60084-9796,42.2658,-88.1557
PWA,220,FRANKLIN PUD,https://franklinpud.outagemap.coop/,Pasco,9420 SANDIFUR PKWY,PASCO,WA,99301-9837,46.2619,-119.1486
KC17,224,UNITED POWER,https://outages.unitedpower.com/outages/,Longmont,14504 E I25 FRONTAGE RD,LONGMONT,CO,80504-9626,40.1674,-105.1019
SRV7,225,OHIO EDISON,https://outages-oh.firstenergycorp.com/,Akron,1005 INTERSTATE PKWY,AKRON,OH,44312-5289,40.999,-81.4648
GNC,226,Greenville Utilities Commission,https://outage.guc.com/,Greenville,111 RED BANKS RD,GREENVILLE,NC,27858-5702,35.58242,-77.37937
RNV,227,NV Energy,https://maps.nvenergy.com/outagemap/index.html,Reno,9125 S. VIRGINIA STREET,RENO,NV,89511-8965,39.44609,-119.776283
MFL,355,Florida Power & Light,https://www.fplmaps.com/,Melbourne,1115 SARNO ROAD,MELBOURNE,FL,32935,28.1210471,-80.63708055
KY7,230,KAYSVILLE CITY,https://www.kaysville.gov/960/Outages,Kaysville,780 N KAYS DR,KAYSVILLE,UT,84037-4156,41.0487,-111.9609
CLB,232,Oncor,https://stormcenter.oncor.com/,Cleburn / Alvarado,5201 N PKWY DR,ALVARADO,TX,76009-6380,32.4286652,-97.23496
FWT,233,RELIANT,https://www.reliant.com/en/residential/help-support/contact/report-an-outage,Fort Worth,6001 QUEBEC ST,FORT WORTH,TX,76135-3626,32.8508,-97.4877
CFX7,236,DUKE ENERGY,https://outagemap.duke-energy.com/,Colfax,8615 TRIAD DRIVE,COLFAX,NC,27235-9404,36.0952,-80.0064
OOK,237,OG&E,https://outagemap.oge.com/,Oklahoma City (Leisure Time),4901 S ANDERSON RD,OKLAHOMA CITY,OK,73150-3804,35.4163,-97.3169
RED,238,PG&E,https://www.pge.com/outagestatus,Anderson,3800 Auto Mall Dr,ANDERSON,CALIFORNIA,96007,40.4476,-122.2975
MES,240,Salt River Project,https://www.srpnet.com/outagemap,Mesa,2222 E MAIN ST,MESA,AZ,85213-9109,33.4181,-111.7825
AVO,241,SRP,https://myaccount.srpnet.com/power/myaccount/outages,Avondale,10255 W. PAPAGO FREEWAY,AVONDALE,AZ,85323-5302,33.4458,-112.2809
HMN,242,CONNEXUS ENERGY,https://experience.arcgis.com/experience/3ef36487143d4dc28dad813f667a40d9,Hugo,14025 WEST FREEWAY DRIVE,HUGO,MN,55038-9705,45.1593,-92.993
HAR7,246,PPL ELECTRIC UTILITIES CORP,https://omap.prod.pplweb.com/OMAP,Harrisburg,7501 ALLENTOWN BLVD,HARRISBURG,PA,17112-4232,40.3328,-76.7582
COC,255,FPL,https://www.fplmaps.com/,Cocoa,4700 KING ST,COCOA,FL,32926-3252,28.3838,-80.7918
LAP,131,Georgia Power,https://outagemap.georgiapower.com/,Lake Park,5244 JEWELL FUTCH RD.,LAKE PARK,GA,31636-3278,30.67680208,-83.22163983
POH,260,CITY OF PIQUA,https://piquaoh.org/228/Power-System,Piqua,8793 N COUNTY ROAD 25A,PIQUA,OH,45356-9512,40.1975,-84.2736
BRMI,261,CONSUMERS ENERGY,https://www.consumersenergy.com/OutageMap,Birch Run,11600 SOUTH BEYER RD,BIRCH RUN,MI,48415-8314,43.2749,-83.7948
,263,SOUTH CENTRAL ELECTRIC ASSOCIATION,https://proxy.star-mapping.com/SouthCentralPublic/Maps/SystemMap,Madelia MN,84601 Olson Drive Madelia,MADELIA,MINNESOTA,56062,44.0384,-94.4045
RMN,264,PEOPLES ENERGY COOP.,https://peoplesrec.outagemap.coop/,Rochester,1260 LAKE SHADY AVENUE S,ORONOCO,MN,55960-2342,44.0367,-92.4452
FND,266,Cass County Electric Cooperative,https://outage.kwh.com/,Fargo,2249 MAIN AVENUE EAST,WEST FARGO,ND,58078-2214,46.8752747,-96.862854
SCMO,267,AMEREN MISSOURI,https://outagemap.ameren.com/external/default.html,Cape Girardeau,49 AIRPORT RD,SCOTT CITY,MO,63780-4501,37.2288,-89.5706
CWY,268,Black Hills Energy,https://www.blackhillsenergy.com/outages,Cheyenne,8910 HUTCHINS DRIVE,CHEYENNE,WY,82007-1979,41.0947,-104.9368
LNE,269,LINCOLN ELECTRIC SYSTEMS,https://lincolnelectric.outagemap.coop/,Lincoln,6340 ARBOR ROAD,LINCOLN,NE,68517-3213,40.747,-96.6335
MED,274,PACIFIC POWER,https://www.pacificpower.net/outages-safety.html,Medford (CW),938 CHEVY WAY,MEDFORD,OR,97504-4100,42.3817,-122.8726
RSC,276,DOMINION ENERGY SOUTH CAROLINA,https://outagemap.dominionenergysc.com/,Ridgeland,401 SYCAMORE DR,RIDGELAND,SC,29936-8981,32.4702,-80.9808
BRIL,279,COMED,https://www.comed.com/outages/experiencing-an-outage/outage-map,Braidwood,800 EZ STREET,BRAIDWOOD,IL,60408-2301,41.2684,-88.2123
WME,280,Central Maine Power,https://outagemap.cmpco.com/,Windham,480 ROOSEVELT TRAIL,WINDHAM,ME,04062-6931,43.80908,-70.41697
WBMA,281,WEST BOYLSTON MUNICIPAL LIGHTING PLANT,https://www.wbmlp.org/customer-service.html,West Boylston,66 W BOYLSTON ST,WEST BOYLSTON,MA,01583-1712,42.3633,-71.7868
UMA,283,NATIONAL GRID,https://www.nationalgridus.com/MA-Home/Outage-Central/Outage-Map,Uxbridge,865 QUAKER HWY,UXBRIDGE,MA,01569-2252,42.0776,-71.6414
SUT,284,CITY OF ST. GEORGE UTILITY BILL,https://www.dixiepower.com/outage-map/,St. George,341 EAST SUNLAND DRIVE,ST. GEORGE,UT,84790-5903,37.0837,-113.5768
FWV,286,MON POWER,https://www.firstenergycorp.com/outages_help/current_outages_maps/outages-map.html,Fairmont,2386 WHITE HALL BLVD,FAIRMONT,WV,26554-8220,39.2745,-80.177
,287,City of Escanaba Michigan,https://gis.escanaba.org/PublicOutageMap/,Escanaba MI,2905 N Lincoln Rd Escanaba,ESCANABA,MICHIGAN,49829,47.6739,-117.216
LFMN,290,MINNESOTA POWER,https://www.mnpower.com/OutageCenter/OutageMap,Little Falls,14884 113TH STREET,LITTLE FALLS,MN,56345-6378,46.8397,-92.2364
CID,295,IDAHO POWER CO,https://tools.idahopower.com/outage,Caldwell,5500 CLEVELAND BLVD,CALDWELL,ID,83607-8010,30.329,-81.9498
KCKS,311,KANSAS CITY BOARD OF PUBLIC UTILITIES,https://outage.bpu.com/,Kansas City,1201 NORTH 98TH STREET,KANSAS CITY,KS,66111-1865,39.1198,-94.8046
BMT,312,YELLOWSTONE VALLEY ELECTRIC COOPERATIVE,https://www.yvec.com/test-outage-map/,Billings,976 ROSEBUD LANE,BILLINGS,MT,59101-6485,45.7684,-108.5287
BMO,313,WHITE RIVER VALLEY ELECTRIC COOPERATIVE,https://whiteriver.outagemap.coop/,Branson,1342 SW OUTER RD,BRANSON,MO,65616-7866,36.6287,-93.2654
SOH,314,AEP Ohio,https://d6ss517do1xkp.cloudfront.net/external/default.html,Sunbury,395 NORTH WILSON ROAD,SUNBURY,OH,43074-7536,40.2713966,-82.9237747
EIN,390,Indiana Michigan Power,https://d6ss517do1xkp.cloudfront.net/external/default.html,Elkhart,1301 SANFORD SCHOOL ROAD,ELKHART,IN,46514,41.73671964,-85.9612965
CCA,316,COLTON PUBLIC UTILITIES,http://coltonca.gov/966/Electric-Grid-Outage-Map,Colton,1175 SOUTH MOUNT VERNON AVENUE,COLTON,CA,92324-4208,34.0538,-117.3132
MCA,318,SOUTHERN CALIFORNIA EDISON,https://www.sce.com/outages-safety/outage-center/check-outage-status,Menifee,26776 ENCANTO DRIVE,MENIFEE,CA,92585-9794,34.0332,-117.3124
RSCA,319,RIVERSIDE PUBLIC UTILITIES,https://riversideca.gov/outages/v3/index.html,Riverside,3051 MYERS STREET,RIVERSIDE,CA,92503-5525,33.9158,-117.4459
CMI,321,DTE Energy,https://outage.dteenergy.com/map,Chelsea,1603 S. MAIN STREET,CHELSEA,MI,48118-1410,42.29753,-84.02471
LKY,322,Kentucky Utilities,https://stormcenter.lge-ku.com/,London,325 COUNTY FARM RD,LONDON,KY,40741-8282,37.1281301,-84.10943764
TCA,324,SOUTHERN CALIFORNIA EDISON,https://www.sce.com/outages-safety/outage-center/check-outage-status,Temecula CA,27590 Jefferson Ave STE A,TEMECULA,CALIFORNIA,92590,33.7315,-117.1466
NRAZ,326,APS,https://outagemap.aps.com/outageviewer/?src=outagemap/1000,Anthem RV,44019 N. BLACK CANYON HWY,NEW RIVER,AZ,85087,33.8878,-112.1472
SWA,327,PUGET SOUND ENERGY,https://www.pse.com/en/outage/outage-map,Silverdale,11572 CLEAR CREEK RD NW,SILVERDALE,WA,98383-9602,47.6532,-122.6945
OWI,330,XCEL ENERGY,https://co.my.xcelenergy.com/s/outage-safety/outage-map,Onalaska,1200 CROSSING MEADOWS DRIVE,ONALASKA,WI,54650-8558,43.9073,-91.194
SAL,331,ALABAMA POWER,https://outagemap.alabamapower.com/,Salem,3141 LEE ROAD 179,SALEM,AL,36874-1848,32.6068,-85.1897
BMI,332,DTE ENERGY,https://outage.dteenergy.com/map,Belleville,43646 N. INTERSTATE 94 SERVICE DRIVE,BELLEVILLE,MI,48111-2468,42.2175,-83.4858
GFIN,361,NineStar Connect,https://www.ninestarconnect.com/outages/,Greenfield,5935 WEST 225 NORTH,GREENFIELD,IN,46140-8267,39.8181862,-85.91191624
FCCA,337,PG&E,https://www.pge.com/outagestatus,French Camp,252 W YETTNER ROAD,FRENCH CAMP,CA,95231-9769,37.8844,-121.2754
,340,ROCKY MOUNTAIN POWER,https://www.rockymountainpower.net/outages-safety.html,Helper.,5129 N Hwy 6 Helper,HELPER,UTAH,84526,39.7267,-110.8922
,341,OG&E,https://outagemap.oge.com/,Van Buren AR,5603 Alma Hwy Van Buren,VAN BUREN,ARKANSAS,72956,35.4363,-94.3487
,342,CONSUMERS ENERGY,https://www.consumersenergy.com/OutageMap,Houghton Lake MI,2424 W. Houghton Lake Dr Houghton Lake,HOUGHTON LAKE,MICHIGAN,48629,44.3128,-84.7691
BOR,343,PACIFIC POWER,https://www.pacificpower.net/outages-safety.html,Bend,63195 NE JAMISON STREET,BEND,OR,97703-1258,44.1169,-121.2578
,344,PG&E,https://www.pge.com/outagestatus,Yuba City CA,1375 Colusa HWY,YUBA CITY,CALIFORNIA,95993,39.1458,-121.6431
MAWA,346,SNOHOMISH COUNTY PUBLIC UTILITY DISTRICT NO. 1,https://outagemap.snopud.com/,Marysville,15855 SMOKEY POINT BOULEVARD,MARYSVILLE,WA,98271,48.1397,-122.1768
BPA,348,Met-Ed,https://outages-pa.firstenergycorp.com/,Boyertown,890 SWINEHART ROAD,BOYERTOWN,PA,19512,40.30813,-75.63761
LVN7,228,NV Energy,https://maps.nvenergy.com/outagemap/index.html,Las Vegas,13175 S LAS VEGAS BLVD,LAS VEGAS,NV,89044-9535,35.95006713,-115.1787931
OPFL,354,CLAY ELECTRIC COOPERATIVE INC,https://clayelectric.outagemap.coop/,Orange Park,1150 BLANDING BOULEVARD,ORANGE PARK,FL,32065-6704,30.1668,-81.7507
SRM,194,Oncor,https://stormcenter.oncor.com/,Sherman,2005 S SAM RAYBURN FWY,SHERMAN,TX,75090-9035,33.61467801,-96.60719903
BAR,359,BENTON UTILITIES,https://bentonutilities.outagemap.coop/,Benton,19503 INTERSTATE 30,BENTON,AR,72015,34.8322,-92.1993
HIL7,217,Portland General Electric,https://portlandgeneral.com/outages,Hillsboro,6503 SE ALEXANDER STREET,HILLSBORO,OR,97123-8587,45.49805018,-122.9141454
,362,Georgia Power,https://outagemap.georgiapower.com/,Byron,100 Suncoast Dr,BYRON,GEORGIA,31008,32.6538,-83.7421
GBAY,364,WISCONSIN PUBLIC SERVICE CORP,https://www.wisconsinpublicservice.com/outagesummary/view/outagegrid?ref=nf,Green Bay,1956 BOND ST,GREEN BAY,WI,54303-4626,26.6748,-81.7995
CFL,370,Duke Energy Florida,https://outagemap.duke-energy.com/,Clermont,2480 SOUTH HIGHWAY 27,CLERMONT,FL,34711,28.5363674,-81.73814
LTX,371,NRG ENERGY INC,https://www.nrg.com/resources/outages.html,Lewisville,1212 N Stemmons Freeway,LEWISVILLE,TEXAS,75067,33.06029362401541, -97.01198836626506
SMO,376,CITY UTILITIES OF SPRINGFIELD,https://outagemap.cityutilities.net/,Springfield,836 N Glenstone Ave,SPRINGFIELD,MISSOURI,65802,37.2177,-93.2619
SAZ,387,Arizona Public Service,https://outagemap.aps.com/outageviewer/,Surprise,12630 NORTH AUTOSHOW AVENUE,SURPRISE,AZ,85388,33.5990829,-112.422913
SDCA,335,San Diego Gas & Electric,https://outage.sdge.com/,San Diego,7620 COPLEY PARK PLACE,SAN DIEGO,CA,92111-1136,32.83659952,-117.1548854
KNOX,256,Sevier County Electric System,https://www.sces.net/outage-map/,Knoxville,210 EAST DUMPLIN VALLEY RD,KODAK,TN,37764-1805,35.98575133,-83.59994276
MTN,392,Middle Tennessee Electric,https://mte.com/outage-map,Murfreesboro,1005 BEASIE ROAD,MURFREESBORO,TN,37128,35.83588,-86.42527
SWI,393,We Energies,https://www.we-energies.com/outagemapext/,Sturtevant,390 SOUTH SYLVANIA AVENUE,STURTEVANT,WI,53177-1230,42.72745,-87.957
OSWI,315,Wisconsin Public Service,https://www.wisconsinpublicservice.com/outagemapext/,Oshkosh,3855 SOUTH WASHBURN STREET,OSHKOSH,WI,54904-2701,43.96779119,-88.58534015
FTP,605,Fort Pierce Utilities Authority,https://www.fpua.com/outage-map/,Fort Pierce,2123 S JENKINS RD,FORT PIERCE,FL,34947-4331,27.4269981,-80.38572
LMN,614,Dakota Electric Association,https://outage.dakotaelectric.com/,Lakeville,16861 KENYON AVENUE,LAKEVILLE,MN,55044-4459,44.70383,-93.28762
QMI,616,COLDWATER BOARD OF PUBLIC UTIL,https://www.coldwater.org/451/Service-Outages,Quincy,373 N WILLOWBROOK ROAD STE Y,COLDWATER,MI,49036-8866,41.9534,-85.0098
,617,DUKE ENERGY,https://outagemap.duke-energy.com/,WINSTON-SALEM,910 HANES MALL BLVD,WINSTON SALEM,NORTH CAROLINA,27106,36.0668,-80.2967
SIL,619,CITY WATER LIGHT & POWER,https://outagemap.cwlp.com/,Springfield,2371 CHUCKWAGON DRIVE,SPRINGFIELD,IL,62711-7105,39.7685,-89.7214
EWI,621,XCEL ENERGY,https://co.my.xcelenergy.com/s/outage-safety/outage-map,Eau Claire,6440 SCULLY DRIVE,EAU CLAIRE,WI,54701-9389,44.7447,-91.4314
,628,WE ENERGIES,https://www.we-energies.com/outagemapext/,APPLETON,535 N Westhill Boulevard,APPLETON,WISCONSIN,54914,44.2695,-88.4886
,632,XCEL ENERGY,https://co.my.xcelenergy.com/s/outage-safety/outage-map,AMARILLO,10300 I-40 Frontage Road,AMARILLO,TEXAS,79124,35.1918,-101.9554
,633,CONSUMERS ENERGY,https://www.consumersenergy.com/OutageMap,Flint,5038  MILLER RD UNIT 1U,FLINT,MICHIGAN,48507,42.973,-83.778
ROA,634,APPALACHIAN POWER,https://outagemap.appalachianpower.com/,Roanoke,8198 GANDER WAY,ROANOKE,VA,24019,37.3378,-79.9587
RWI,636,WISCONSIN PUBLIC SERVICE CORP,https://www.wisconsinpublicservice.com/outagesummary/view/outagegrid?ref=nf,Rothschild,1560 COUNTY ROAD XX,ROTHSCHILD,WI,54474-9043,44.8082,-89.6823
,637,WE ENERGIES,https://www.we-energies.com/outagemapext/,Kenosha,6801 120th Avenue,KENOSHA,WISCONSIN,53140,42.5714,-87.9528
MAD,638,ALLIANT ENERGY,https://www.alliantenergy.com/customer-service/outage-center,Madison,6199 EAST METRO DRIVE,DEFOREST,WI,53532-2949,43.2478,-89.3431
,641,AES INDIANA,https://myaccount.aesindiana.com/outages/outagemap.html,INDIANAPOLIS,5702 E 86TH ST,INDIANAPOLIS,INDIANA,46250,39.9121,-86.0728
,644,DTE ENERGY,https://outage.dteenergy.com/map,Port Huron MI,4055 24th Avenue,FORT GRATIOT,MICHIGAN,48059,43.0508,-82.4878
CNY,646,NATIONAL GRID,https://www.nationalgridus.com/MA-Home/Outage-Central/Outage-Map,Cicero,5864 CARMENICA DR,CICERO,NY,13039-8533,43.1778,-75.9749
AGA,649,Georgia Power,https://outagemap.georgiapower.com/,Augusta,145 MASON MCKNIGHT JR PKWY,AUGUSTA,GA,30907-3083,33.5152,-82.0877
JTN,650,JACKSON ENERGY AUTHORITY,https://www.jaxenergy.com/outage-center,Jackson,1523 VANN DRIVE,JACKSON,TN,38305-2095,35.6732,-88.8565
WKS,659,EVERGY,https://outagemap.evergy.com/,Wichita,3928 S OAK ST,WICHITA,KS,67217-3352,37.6199,-97.337
FLM,662,CONNEXUS ENERGY,https://experience.arcgis.com/experience/3ef36487143d4dc28dad813f667a40d9,Forest Lake,14640 W. FREEWAY DRIVE,FOREST LAKE,MN,55025-9432,45.2718,-93.0109
STX,672,CenterPoint Energy,https://tracker.centerpointenergy.com/map/,Spring,19302 INTERSTATE 45,SPRING,TX,77373-5328,30.0473824,-95.42817
,686,Ameren Illinois,https://outagemap.ameren.com/external/default.html,Marion,2480 Blue Heron Dr,MARION,ILLINOIS,62959,37.7418,-88.9477
BBL,687,CLECO POWER LLC,https://cleco.datacapable.com/map/,Breaux Bridge,2314 N. FRONTAGE ROAD,BREAUX BRIDGE,LA,70517-2200,30.29728955,-91.91260533
HHO,690,AES Ohio,https://myprofile.aes-ohio.com/Outages/Outages.html,Huber Heights,8001 OLD TROY PIKE,HUBER HEIGHTS,OH,45424-1037,39.86873,-84.13782
WHM,694,EVERSOURCE,https://outagemap.eversource.com/external/default.html,West Hatfield,188 WEST STREET ROUTE 5,WEST HATFIELD,MA,01088-9524,42.390785,-72.632627
HPA,696,Met-Ed,https://outages-pa.firstenergycorp.com/,"Hamburg, PA",20 INDUSTRIAL DR,HAMBURG,PA,19526-8767,40.5605,-75.99647
ALNY,697,CENTRAL HUDSON GAS AND ELECTRIC CORPORATION,https://outagemap.cenhud.com/,Albany,12634 STATE ROUTE 9W,WEST COXSACKIE,NY,12192-1711,42.389552,-73.828608
WHSE 940,940,BOONE REMC,https://ebill.bremc.com/maps/OutageWebMap/,distribution center,300 Purity Dr,LEBANON,INDIANA,46052,40.0418,-86.4695
WHSE 942,942,GREENVILLE UTILITIES,https://outagemap.gucapps.com/,942,111 Red Banks Rd,GREENSBORO,NORTH CAROLINA,27403,36.0618,-79.8459
